{"name": "Nufront_SmartSocket", "entities": [{"id": 0, "display_name": "\u673a\u667a\u4e91\u5f00\u53d1\u5957\u4ef6", "attrs": [{"display_name": "\u5f00\u5173", "name": "OnOff", "data_type": "bool", "position": {"bit_offset": 0, "len": 1, "unit": "bit", "byte_offset": 0}, "type": "status_writable", "id": 0, "desc": "....."}, {"display_name": "\u662f\u5426\u542f\u7528\u5b9a\u65f6", "name": "Time_OnOff", "data_type": "bool", "position": {"bit_offset": 1, "len": 1, "unit": "bit", "byte_offset": 0}, "type": "status_writable", "id": 1, "desc": "....."}, {"display_name": "\u662f\u5426\u542f\u7528\u5012\u8ba1\u65f6", "name": "CountDown_OnOff", "data_type": "bool", "position": {"bit_offset": 2, "len": 1, "unit": "bit", "byte_offset": 0}, "type": "status_writable", "id": 2, "desc": "....."}, {"display_name": "\u6bcf\u5468\u91cd\u590d", "name": "Week_Repeat", "data_type": "uint8", "position": {"bit_offset": 0, "len": 1, "unit": "byte", "byte_offset": 1}, "uint_spec": {"addition": 0, "max": 255, "ratio": 1, "min": 0}, "type": "status_writable", "id": 3, "desc": "....."}, {"display_name": "\u5b9a\u65f6\u5f00\u673a", "name": "Time_On_Minute", "data_type": "uint16", "position": {"bit_offset": 0, "len": 2, "unit": "byte", "byte_offset": 2}, "uint_spec": {"addition": 0, "max": 1440, "ratio": 1, "min": 0}, "type": "status_writable", "id": 4, "desc": "....."}, {"display_name": "\u5b9a\u65f6\u5173\u673a", "name": "Time_Off_Minute", "data_type": "uint16", "position": {"bit_offset": 0, "len": 2, "unit": "byte", "byte_offset": 4}, "uint_spec": {"addition": 0, "max": 1440, "ratio": 1, "min": 0}, "type": "status_writable", "id": 5, "desc": "....."}, {"display_name": "\u5012\u8ba1\u65f6", "name": "CountDown_Minute", "data_type": "uint16", "position": {"bit_offset": 0, "len": 2, "unit": "byte", "byte_offset": 6}, "uint_spec": {"addition": 0, "max": 1440, "ratio": 1, "min": 0}, "type": "status_writable", "id": 6, "desc": "....."}, {"display_name": "\u80fd\u8017", "name": "Power_Consumption", "data_type": "uint16", "position": {"bit_offset": 0, "len": 2, "unit": "byte", "byte_offset": 8}, "uint_spec": {"addition": 0, "max": 65535, "ratio": 1, "min": 0}, "type": "status_readonly", "id": 7, "desc": "....."}], "name": "entity0"}], "protocolType": "standard", "product_key": "9877965c9cf04dff9a585e5f8d77dedb", "packetVersion": "0x00000004", "ui": {"object": {"version": 4, "showEditButton": false}, "sections": [{"elements": [{"boolValue": false, "object": {"action": "entity0", "bind": ["entity0.OnOff"], "perm": "W"}, "type": "QBooleanElement", "key": "entity0.OnOff", "title": "\u5f00\u5173"}, {"boolValue": false, "object": {"action": "entity0", "bind": ["entity0.Time_OnOff"], "perm": "W"}, "type": "QBooleanElement", "key": "entity0.Time_OnOff", "title": "\u662f\u5426\u542f\u7528\u5b9a\u65f6"}, {"boolValue": false, "object": {"action": "entity0", "bind": ["entity0.CountDown_OnOff"], "perm": "W"}, "type": "QBooleanElement", "key": "entity0.CountDown_OnOff", "title": "\u662f\u5426\u542f\u7528\u5012\u8ba1\u65f6"}, {"title": "\u6bcf\u5468\u91cd\u590d", "bind": "floatValue:float", "object": {"action": "entity0", "bind": ["entity0.Week_Repeat"], "uint_spec": {"max": 255.0, "step": 1, "min": 0.0}, "perm": "W"}, "value": 0, "key": "entity0.Week_Repeat", "maximumValue": 255.0, "minimumValue": 0.0, "type": "QFloatElement"}, {"title": "\u5b9a\u65f6\u5f00\u673a", "bind": "floatValue:float", "object": {"action": "entity0", "bind": ["entity0.Time_On_Minute"], "uint_spec": {"max": 1440.0, "step": 1, "min": 0.0}, "perm": "W"}, "value": 0, "key": "entity0.Time_On_Minute", "maximumValue": 1440.0, "minimumValue": 0.0, "type": "QFloatElement"}, {"title": "\u5b9a\u65f6\u5173\u673a", "bind": "floatValue:float", "object": {"action": "entity0", "bind": ["entity0.Time_Off_Minute"], "uint_spec": {"max": 1440.0, "step": 1, "min": 0.0}, "perm": "W"}, "value": 0, "key": "entity0.Time_Off_Minute", "maximumValue": 1440.0, "minimumValue": 0.0, "type": "QFloatElement"}, {"title": "\u5012\u8ba1\u65f6", "bind": "floatValue:float", "object": {"action": "entity0", "bind": ["entity0.CountDown_Minute"], "uint_spec": {"max": 1440.0, "step": 1, "min": 0.0}, "perm": "W"}, "value": 0, "key": "entity0.CountDown_Minute", "maximumValue": 1440.0, "minimumValue": 0.0, "type": "QFloatElement"}, {"object": {"action": "entity0", "bind": ["entity0.Power_Consumption"], "uint_spec": {"max": 65535.0, "step": 1, "min": 0.0}, "perm": "N"}, "type": "QLabelElement", "key": "entity0.Power_Consumption", "title": "\u80fd\u8017"}]}]}}